AA	t
AIX	t
ALLENDE	t
ALMEIDA	t
AMADO	t
AMV	t
ANGELA	t
ANOVA	t
APIs	t
ASP	t
ASTA	t
ASTER	t
ATA	t
AXIS	t
AYu	t
AZA	t
Aass	t
Abass	t
Abaza	t
Abele	t
Abella	t
Abelli	t
Abida	t
Acar	t
Adalgisa	t
Adama	t
Adamus	t
Adder	t
Adela	t
Adelina	t
Adina	t
Adriana	t
Afessa	t
Agati	t
Agra	t
Aini	t
Aka	t
Akaki	t
Akera	t
Akihito	t
Alabama	t
Alberta	t
Alena	t
Aleo	t
Alexa	t
Alexandra	t
Alexia	t
Alfaro	t
Alia	t
Alida	t
Alimi	t
Allende	t
Allgood	t
Almeida	t
Almond	t
Aloe	t
Alona	t
Alv	t
Alva	t
Amado	t
Amara	t
Ameli	t
Amira	t
Amma	t
Ammini	t
Amorosa	t
Amsel	t
Anahita	t
Anais	t
Anamika	t
Anania	t
Anas	t
Ancona	t
Andes	t
Anema	t
Angela	t
Angelica	t
Anita	t
Anjan	t
Anna	t
Antonia	t
Antonina	t
Ants	t
Aphrodite	t
Apollo	t
Apple	t
Aquila	t
Arabella	t
Aranda	t
Arat	t
Arca	t
Arcas	t
Arcos	t
Argentina	t
Argentine	t
Aria	t
Ariadna	t
Ariadne	t
Arida	t
Arion	t
Arita	t
Arizona	t
Arjona	t
Artificial	t
Arush	t
Arve	t
Ascione	t
Asp	t
Aspasia	t
Assa	t
Asta	t
Aster	t
Ata	t
Athanasia	t
Atlanta	t
Atta	t
Attila	t
Augusta	t
Auletta	t
Auli	t
Aurelia	t
Averna	t
Axis	t
Ayesha	t
Aza	t
Azanza	t
B-D	t
B. A	t
B.D	t
B.G	t
BA	t
BAHIA	t
BCG	t
BD	t
BE	t
BELLA	t
BER	t
BHATIA	t
BIA	t
BIAS	t
BIO	t
BIRCH	t
BIRDS	t
BOROS	t
BPI	t
BPV	t
BRILL	t
BRS	t
BSP	t
Ba	t
Babul	t
Bacchini	t
Bacus	t
Bahia	t
Baliga	t
Balsa	t
Banchini	t
Barbu	t
Bares	t
Baris	t
Barley	t
Barna	t
Barnea	t
Basil	t
Bata	t
Batia	t
Bats	t
Be	t
Beata	t
Beavers	t
Bee	t
Behnia	t
Bella	t
Bellia	t
Bellis	t
Bena	t
Benincasa	t
Ber	t
Berenice	t
Beri	t
Beris	t
Besa	t
Besra	t
Bessa	t
Beta	t
Betta	t
Bev	t
Bhatia	t
Bia	t
Bias	t
Bino	t
Bio	t
Bio-	t
Birch	t
Birds	t
Bisgaard	t
Bodo	t
Boga	t
Bogue	t
Bolla	t
Bonito	t
Boris	t
Boros	t
Bos	t
Boscia	t
Br and I	t
Bracken	t
Brada	t
Bradley A	t
Braganza	t
Brama	t
Bramble	t
Brandi	t
Brat	t
Bream	t
Breda	t
Brenda	t
Brigida	t
Brill	t
Broccoli	t
Brose	t
Brossi	t
Brunia	t
Bua	t
Bufo	t
Bulgaria	t
Bulla	t
C group	t
C-E	t
CAMPANA	t
CAPRA	t
CARDINAL	t
CARP	t
CATTLE	t
CAV	t
CDV	t
CE	t
CFA	t
CFD	t
CHEN	t
CHP	t
CHU	t
CIMA	t
CIS	t
CIs	t
CLINE	t
CMI	t
CNV	t
COFFEE	t
COLOR	t
CORN	t
CORREA	t
CORSINI	t
COTTON	t
CPV	t
CSP	t
CULLEN	t
CaMV	t
Cabeza	t
Cafer	t
Caio	t
Calamia	t
Cales	t
Calia	t
California	t
Camara	t
Camel	t
Camera	t
Campana	t
Campanella	t
Campanile	t
Canalis	t
Canani	t
Canary	t
Candelaria	t
Candi	t
Candida	t
Canela	t
Canella	t
Canga	t
Canis	t
Canna	t
Capella	t
Capra	t
Capua	t
Caraway	t
Cardinal	t
Caretta	t
Caria	t
Carissa	t
Carita	t
Carmena	t
Carp	t
Caruana	t
Cash	t
Casper	t
Cassia	t
Cassie	t
Cassis	t
Caster	t
Castilla	t
Castor	t
Casula	t
Catena	t
Cater	t
Cats	t
Cea	t
Cela	t
Celina	t
Celis	t
Cella	t
Cerda	t
Cerone	t
Cervera	t
Chanda	t
Channa	t
Chaparro	t
Chara	t
Charan	t
Charis	t
Chen	t
Chess	t
Chick	t
Chinchilla	t
Chiron	t
Chitra	t
Christiana	t
Chu	t
Churchill	t
Cilia	t
Cima	t
Cinca	t
Cinda	t
Cintia	t
Ciria	t
Cis	t
Cisco	t
Citron	t
Clara	t
Clary	t
Class A	t
Claudius	t
Clelia	t
Cline	t
Clini	t
Cliona	t
Coca	t
Coceani	t
Coffee	t
Cola	t
Colla	t
Colo	t
Color	t
Coma	t
Comber	t
Comet	t
Compton	t
Coney	t
Conger	t
Coni	t
Cora	t
Corella	t
Corica	t
Corina	t
Corn	t
Corona	t
Correa	t
Corsini	t
Corydon	t
Costa Rica	t
Cota	t
Cotton	t
Craven	t
Cray	t
Crispin	t
Crosa	t
Cuda	t
Cullen	t
Cuno	t
Cura	t
Curio	t
Cynthia	t
DALLA	t
DARPA	t
DOG	t
DOGS	t
Dace	t
Dahlia	t
Dalla	t
Damas	t
Damon	t
Daphne	t
Dario	t
Darnis	t
Dastur	t
DeLisa	t
DeRosa	t
Deana	t
Delia	t
Delta	t
Derosa	t
Dictor	t
Dill	t
Dina	t
Dione	t
Dirce	t
Disa	t
Ditta	t
Dodo	t
Dog	t
Dogs	t
Dohle	t
Dorado	t
Dorion	t
Doris	t
Duck	t
Duma	t
EMI	t
ESPINOSA	t
Eandi	t
Ebo	t
Echo	t
Eeva	t
Egle	t
Eira	t
Electra	t
Elina	t
Elisa	t
Elizabeth A	t
Elk	t
Elster	t
Elvira	t
Emi	t
Emilia	t
Emori	t
Ena	t
Ercilla	t
Eremina	t
Ergene	t
Erica	t
Escolar	t
Esmeralda	t
Espinosa	t
Estrella	t
Eugenia	t
Eulalia	t
Eunice	t
Euro	t
Evora	t
FIGS	t
FIGs	t
FISH	t
FISHER	t
FLAG	t
FOA	t
FOTI	t
Fabia	t
Fabiana	t
Falco	t
Farida	t
Favia	t
Felicia	t
Fenella	t
Ferns	t
Figs	t
Fish	t
Fisher	t
Flag	t
Flavivirus	t
Flax	t
Foa	t
Formica	t
Fossa	t
Foti	t
Fresno	t
Freya	t
Frogs	t
Fulda	t
Fulvia	t
Funa	t
Furia	t
Fusi	t
GAG	t
GALLEGO	t
GARCIA	t
GIBBON	t
GIBBONS	t
GOES	t
GOLDIE	t
GOTO	t
GRANATA	t
GROSSI	t
GRUBER	t
Gadella	t
Gag	t
Galea	t
Galip	t
Gallego	t
Galleni	t
Gallus	t
Garcia	t
Garra	t
Garrick	t
Gasper	t
Gatter	t
Gaur	t
Gaya	t
Gazelle	t
Gea	t
Gean	t
Gemma	t
Gerosa	t
Gerra	t
Gibbon	t
Gibbons	t
Gila	t
Ginger	t
Giulia	t
Godin	t
Goes	t
Goldammer	t
Goldie	t
Gongora	t
Gorgone	t
Gorse	t
Goto	t
Granata	t
Graus	t
Graziana	t
Greta	t
Grossi	t
Group II	t
Gruber	t
Grus	t
Guardiola	t
Gudgeon	t
Guillermo	t
Guinea	t
Gula	t
Gunnel	t
Guppy	t
HARA	t
HERO	t
HIRATA	t
HOMO	t
HORSE	t
HORSES	t
HSP	t
HSV-2	t
Habu	t
Hada	t
Haddock	t
Hafer	t
Hake	t
Hala	t
Halaris	t
Halata	t
Hannia	t
Hara	t
Harma	t
Hawa	t
Hawks	t
Hawthorn	t
Haya	t
Hebb	t
Heide	t
Helia	t
Helle	t
Henna	t
Henrica	t
Herminia	t
Hermosilla	t
Hero	t
Heros	t
Hila	t
Hilda	t
Hirashima	t
Hirata	t
Hitch	t
Homola	t
Horia	t
Horse	t
Hovis	t
Hoya	t
Hua	t
Hucho	t
Huma	t
Huso	t
Hussar	t
Hybrid	t
I major	t
I ve	t
I-A	t
I-S	t
IA	t
IDA	t
IDEA	t
INIA	t
IPS	t
IRIS	t
IS	t
ISA	t
ISO	t
ITI	t
IVA	t
IVa	t
Ia	t
Iaria	t
Ichii	t
Ida	t
Ide	t
Idea	t
Idris	t
Ignatius	t
Iio	t
Ikoma	t
Ikuma	t
Iliana	t
Imber	t
Imma	t
Indicator	t
Inga	t
Ingrassia	t
Inna	t
Insertion	t
Ira	t
Irena	t
Iris	t
Is	t
Isa	t
Ishige	t
Isis	t
Iso	t
Itaya	t
Iva	t
Ive	t
JONAS	t
Jacks	t
Jana	t
Jian-Hua	t
Jian-hua	t
Jianhua	t
Joanna	t
Jonas	t
Julia	t
Junco	t
Juncos	t
Kale	t
Kamani	t
Kanda	t
Kania	t
Kapur	t
Kara	t
Karasu	t
Karatas	t
Kash	t
Kasturi	t
Katharina	t
Kaya	t
Khare	t
Kiang	t
Kino	t
Kinugasa	t
Kleiber	t
Klion	t
Kob	t
Koba	t
Kobus	t
Koi	t
Kolla	t
Koma	t
Kou	t
Kozo	t
Krill	t
Kuma	t
Kuri	t
Kuzu	t
LAKE	t
LASER	t
LATER	t
LDV	t
LEMON	t
LEO	t
LI	t
LIAN	t
LIMA	t
LINDE	t
LING	t
LIPS	t
LURIA	t
Labia	t
Lafer	t
Lake	t
Lalani	t
Lama	t
Lamia	t
Lanka	t
Lapis	t
Larina	t
Larisa	t
Larrea	t
Laser	t
Later	t
Latifi	t
Lauria	t
Laurora	t
Lavender	t
Laver	t
Lavinia	t
Leander	t
Leandra	t
Lee A	t
Lee K	t
Leek	t
Lelia	t
Lema	t
Lemon	t
Lens	t
Leo	t
Leva	t
Li	t
Lia	t
Lian	t
Libra	t
Ligia	t
Lima	t
Limulus	t
Linda	t
Linde	t
Ling	t
Lingens	t
Lio	t
Lion	t
Lips	t
Liza	t
Loris	t
Lotto	t
Lotus	t
Lucia	t
Lucina	t
Luda	t
Luria	t
Luzuriaga	t
Lydia	t
Lyu	t
M-MLV	t
M.W	t
MAC	t
MAGRI	t
MAKI	t
MAN	t
MARION	t
MATE	t
MAYO	t
MCF	t
MEDA	t
MEDINA	t
MES	t
MHV	t
MICE	t
MITRA	t
MMLV	t
MMTV	t
MOLINA	t
MOPS	t
MORA	t
MOREL	t
MOYA	t
MSP	t
MSV	t
MURINE	t
MUSSA	t
MVA	t
MYu	t
Mac	t
Macara	t
Mace	t
Macris	t
Madar	t
Madia	t
Mago	t
Magri	t
Mahua	t
Mai	t
Maia	t
Maira	t
Maize	t
Maja	t
Maki	t
Mala	t
Malanga	t
Malberti	t
Malenka	t
Malia	t
Mallard	t
Mallika	t
Malo	t
Malva	t
Maman	t
Man	t
Mancilla	t
Mandarino	t
Mandi	t
Manduca	t
Manfreda	t
Manga	t
Mango	t
Mani	t
Manis	t
Manka	t
Manta	t
Mantini	t
Manzano	t
Maor	t
Maral	t
Marcia	t
Marga	t
Marge	t
Margo	t
Margus	t
Mari	t
Marietta	t
Marilia	t
Marina	t
Marion	t
Marisa	t
Martus	t
Maryna	t
Masa	t
Masaki	t
Mash	t
Mate	t
Mater	t
Matilda	t
Matus	t
Maurus	t
Mayama	t
Mayo	t
MeV	t
Meara	t
Meda	t
Medina	t
Meira	t
Melia	t
Melinda	t
Melissa	t
Melita	t
Melitta	t
Melo	t
Mentha	t
Mes	t
Meta	t
Meza	t
Mi-Na	t
Mico	t
Mila	t
Milla	t
Milo	t
Mimi	t
Mina	t
Miners	t
Mines	t
Mink	t
Mino	t
Mints	t
Mion	t
Mirza	t
Mito	t
Mitra	t
Moak	t
Modulus	t
Moga	t
Moira	t
Mola	t
Molas	t
Molina	t
Molly	t
Moneta	t
Monia	t
Mora	t
Morale	t
Morange	t
Morel	t
Morone	t
Moya	t
MuM	t
Muda	t
Mum	t
Muna	t
Mus	t
Musa	t
Musca	t
Muscari	t
Musci	t
Musella	t
Mussa	t
Mya	t
Myara	t
Myra	t
Myron	t
NAME	t
NASA	t
NIA	t
NIDA	t
NONE	t
Nagara	t
Naja	t
Name	t
Nanae	t
Nance	t
Nanna	t
Nanos	t
Narayana	t
Nasa	t
Naso	t
Nata	t
Nater	t
Navia	t
Neha	t
Nestor	t
Neta	t
Netta	t
Nia	t
Nica	t
Nida	t
Nieva	t
Nightingale	t
Nio	t
Nogal	t
Nola	t
Nona	t
None	t
Not shown	t
Novis	t
Numata	t
O bus	t
O-beta	t
OLIVA	t
OSA	t
OSHA	t
OTHER	t
Oca	t
Odum	t
Okochi	t
Olea	t
Oliva	t
Onn	t
Orna	t
Osa	t
Oteiza	t
Other	t
Otis	t
PADILLA	t
PAN	t
PAR	t
PARROT	t
PAVLOVA	t
PCI bus	t
PCV	t
PEA	t
PEACOCK	t
PECORA	t
PEEL	t
PEM	t
PERMIT	t
PETROVA	t
PIERINI	t
PIPER	t
PLANTS	t
PLUM	t
POA	t
POLLACK	t
POLLOCK	t
POPA	t
PPV	t
PRAT	t
PRV	t
PSP	t
PTV	t
PURPURA	t
PUVA	t
PVA	t
PWV	t
Padilla	t
Padma	t
Paletta	t
Palla	t
Palli	t
Pallini	t
Palta	t
Pan	t
Panama	t
Panas	t
Panda	t
Pandita	t
Pansu	t
Par	t
Parga	t
Paria	t
Parida	t
Paris	t
Parrot	t
Parsley	t
Particulate	t
Pater	t
Patra	t
Patricia	t
Pavlova	t
Paya	t
Pea	t
Peach	t
Peacock	t
Pear	t
Pears	t
Pecora	t
Peel	t
Peled	t
Pella	t
Penalva	t
Pene	t
Penelope	t
Pepino	t
Per-Ola	t
Pera	t
Perdrix	t
Peregrine	t
Perla	t
Permit	t
Perna	t
Pernis	t
Pero	t
Perola	t
Peros	t
Perosa	t
Petrova	t
Petrus	t
Phoebe	t
Phoenix	t
Phyllis	t
Pica	t
Pichini	t
Picus	t
Pierini	t
Pig	t
Pigs	t
Pila	t
Pimenta	t
Pineda	t
Pinna	t
Pintado	t
Pion	t
Piper	t
Piris	t
Pison	t
Pita	t
Pitta	t
Placer	t
Planes	t
Plata	t
Plum	t
Podo	t
Poeta	t
Polla	t
Pollack	t
Pollock	t
Pomfret	t
Popa	t
Popolo	t
Portia	t
Prandi	t
Prat	t
Pria	t
Prim	t
Primavera	t
Primer	t
Prospero	t
Prus	t
Puca	t
Puck	t
Puma	t
Purpura	t
Quintana	t
R group	t
RAT	t
RAY	t
RICE	t
RIO	t
ROGER	t
ROOK	t
ROSA	t
RUDD	t
Rails	t
Raja	t
Ramp	t
Rana	t
Rapini	t
Ray	t
Reba	t
Rebecca	t
Recchia	t
Redhead	t
Redwood	t
Regina	t
Rema	t
Remus	t
Rena	t
Renata	t
Renilla	t
Requena	t
Retrovirus	t
Rhea	t
Rheum	t
Rhodus	t
Ribes	t
Rice	t
Rida	t
Riella	t
Rio	t
Rita	t
Robertus	t
Roccella	t
Rocio	t
Roger	t
Rohana	t
Ronca	t
Rook	t
Rosa	t
Rosales	t
Rosalia	t
Rosalina	t
Roselle	t
Rosemary	t
Rossella	t
Rovers	t
Rowan	t
Roya	t
Rubia	t
Rudd	t
Rudra	t
Ruff	t
Ruta	t
Rye	t
SALAS	t
SALCEDO	t
SALMON	t
SALVI	t
SANDER	t
SAV	t
SEAL	t
SFV	t
SHAKE	t
SHEEP	t
SIDA	t
SIDE	t
SILVEIRA	t
SIV	t
SOA	t
SOUSA	t
SP4	t
SPAN	t
SPOT	t
SRAM	t
STERN	t
SUGIURA	t
SUS	t
SUZUKI	t
SVC	t
SWIFT	t
Saba	t
Sable	t
Sabra	t
Sabri	t
Safer	t
Safra	t
Saga	t
Sagami	t
Sahli	t
Saiga	t
Sain	t
Sakaki	t
Salas	t
Salassa	t
Salata	t
Salcedo	t
Salina	t
Salmon	t
Salta	t
Salvi	t
Salvia	t
Sama	t
Samara	t
Samba	t
Samia	t
Sanae	t
Sander	t
Sania	t
Santoni	t
Sarbia	t
Sarda	t
Saria	t
Sarika	t
Sasa	t
Sator	t
Scanu	t
Scarpini	t
Scatena	t
Schat	t
Schima	t
Seal	t
Seals	t
Selene	t
Senga	t
Senji	t
Senna	t
Sereda	t
Sereni	t
Seres	t
Sergio	t
Seruca	t
Shaddock	t
Shake	t
Shali	t
Shiba	t
Shina	t
Shinkai	t
Shioji	t
Shiv	t
Shore A	t
Shouji	t
Shu-Mei	t
Shui	t
Shum	t
Shumei	t
Sia	t
Side	t
Silveira	t
Silversides	t
Silvius	t
Simo	t
Siren	t
Siris	t
Siro	t
Sison	t
Siv	t
Slavina	t
Slinger	t
Sly	t
Smolle	t
Snipes	t
Snoek	t
Sondra	t
Sora	t
Soter	t
Sousa	t
Span	t
Speranza	t
Spino	t
Spot	t
Sram	t
Ssp	t
Starling	t
Stator	t
Stea	t
Stefania	t
Stella	t
Stenius	t
Steno	t
Stern	t
Stipa	t
Strada	t
Sturgeon	t
Sugiura	t
Sui	t
Sul	t
Sula	t
Sulla	t
Suni	t
Surendra	t
Susana	t
Sutera	t
Suzuki	t
Swift	t
Sylvia	t
Synthetic	t
TARA	t
TERRANOVA	t
THIS	t
TIA	t
TONI	t
TOR	t
TSP	t
TTV	t
Tacca	t
Taira	t
Takayama	t
Taku	t
Talavera	t
Tamara	t
Tamarin	t
Tamba	t
Tammi	t
Tania	t
Tanna	t
Tansy	t
Tara	t
Tare	t
Tarek	t
Taro	t
Tatra	t
Telles	t
Temma	t
Terranova	t
Tetra	t
Thais	t
Thalia	t
This	t
Thor	t
Thrift	t
Tia	t
Tiger	t
Timea	t
Timon	t
Timothy	t
Tina	t
Tiso	t
Tola	t
Tolis	t
Toni	t
Tonna	t
Tor	t
Tornos	t
Torpedo	t
Tortella	t
Tos	t
Toya	t
Trias	t
Trivella	t
Trude	t
Tuba	t
Tuna	t
Turbina	t
Turbo	t
Turkey	t
Ulrike	t
Uma	t
Una	t
Urania	t
Usta	t
Uta	t
Ute	t
VALENZUELA	t
VILLA	t
VIRGINIA	t
Valdivia	t
Valencia	t
Valenzuela	t
Vanda	t
Vanessa	t
Vania	t
Vanni	t
Vater	t
Vectors	t
Vella	t
Veronica	t
Vespa	t
Victoria	t
Vigna	t
Vila	t
Villa	t
Villanova	t
Vinca	t
Viola	t
Vira	t
Virga	t
Virginia	t
Vray	t
WNV	t
Walia	t
Wash	t
Wheat	t
Whites	t
Whiting	t
Willows	t
Worm	t
Worms	t
Wren	t
Xenia	t
Xiang-Hua	t
Xianghua	t
Yam	t
Yarrow	t
Yi-Zhi	t
Yizhi	t
YuA	t
Yue-Hua	t
Yue-hua	t
Yuehua	t
Yulan	t
Zaira	t
Zanna	t
Zea	t
Zera	t
Zeta	t
Zilla	t
Ziwei	t
Zorana	t
Zucchini	t
Zuniga	t
aa	t
adder	t
aide	t
aka	t
alar	t
alia	t
all E	t
along A	t
anova	t
arene	t
aroma	t
artificial	t
as S	t
asocia	t
asp	t
assessor	t
aster	t
at-a	t
automate	t
autotrophic	t
axis	t
aza	t
b e e	t
b-D	t
bahia	t
be	t
be e	t
bears	t
ber	t
beta	t
bias	t
bio	t
bio-	t
biota	t
blues	t
br s	t
bugs	t
burial	t
bursa	t
but is	t
camera	t
cardinal	t
cash	t
cat s	t
cater	t
ce qui	t
cela	t
cell A	t
chaos	t
chelator	t
chorda	t
cis	t
cis-	t
clara	t
clari	t
class A	t
clinical samples	t
codon	t
coffee	t
cola	t
color	t
comet	t
cotyledon	t
cranes	t
delta	t
dione	t
drill	t
drums	t
echo	t
ellipse	t
et au	t
expression vector	t
expression vectors	t
figs	t
fish	t
flag	t
fossa	t
fowl	t
gag	t
gene A	t
glia	t
goes	t
group II	t
had a	t
hardens	t
haya	t
helix	t
hero	t
hitch	t
homo	t
homo-	t
hsp	t
hybrid	t
iPS	t
ide	t
idea	t
indicator	t
insertion	t
insertion sequence	t
iris	t
is	t
is a	t
iso	t
iso-	t
ive	t
jacks	t
jsp	t
lake	t
laminae	t
laser	t
later	t
lates	t
lens	t
lia	t
lime	t
liners	t
ling	t
lips	t
m.w	t
mSv	t
man	t
masa	t
mate	t
mater	t
mcg	t
mes	t
meta	t
microbiota	t
miners	t
mines	t
mito	t
mmole	t
modulus	t
monitors	t
morale	t
muM	t
mum	t
mus	t
my U	t
name	t
nance	t
nia	t
nica	t
nio	t
non-A	t
none	t
not shown	t
not specified	t
not-shown	t
nt 1	t
old woman	t
oliva	t
other	t
other sequences	t
over Na	t
ovo	t
pan	t
pan-	t
par	t
paris	t
particulate	t
passer	t
pea	t
pears	t
peel	t
per la	t
per os	t
permit	t
pero	t
phos	t
phyla	t
pigs	t
plane A	t
planes	t
plea	t
primer	t
process A	t
rails	t
ramp	t
rape	t
rat s	t
rat tail	t
ray	t
rays	t
rio	t
s Medium	t
s medium	t
safer	t
saga	t
satellites	t
scavengers	t
seal	t
searcher	t
serosa	t
sesame	t
shades	t
shake	t
shuttle vector	t
side	t
sium	t
soak	t
span	t
spatula	t
spine	t
spot	t
ssp	t
stator	t
stella	t
stern	t
sul	t
sulla	t
sus	t
swift	t
synthetic	t
t his	t
tapes	t
tasa	t
telles	t
termes	t
tetra	t
tetra-	t
this	t
time I	t
tor	t
torpedo	t
transposon	t
transposons	t
turbo	t
ume	t
una	t
unclassified	t
unidentified	t
ute	t
vectors	t
vertigo	t
virginia	t
wash	t
whites	t
worm	t
worms	t
yawning	t
zea	t
zeta	t
