AMADO	t
AMV	t
ANOVA	t
ASP	t
ATA	t
AYu	t
AZA	t
Aass	t
Abass	t
Abaza	t
Abele	t
Abella	t
Abelli	t
Adama	t
Adder	t
Afessa	t
Agati	t
Aini	t
Aka	t
Akaki	t
Alena	t
Aleo	t
Alia	t
Alida	t
Alimi	t
Allgood	t
Almond	t
Alv	t
Alva	t
Amado	t
Ameli	t
Amira	t
Amorosa	t
Amsel	t
Anais	t
Anjan	t
Apollo	t
Apple	t
Arat	t
Argentine	t
Artificial	t
Arush	t
Arve	t
Ascione	t
Asp	t
Ata	t
Auli	t
Averna	t
Aza	t
B-D	t
B. A	t
B.D	t
B.G	t
BCG	t
BD	t
BER	t
BIO	t
BPI	t
BPV	t
BRILL	t
BRS	t
BSP	t
Babul	t
Bacus	t
Balsa	t
Barbu	t
Bares	t
Barley	t
Barna	t
Basil	t
Bata	t
Bee	t
Bena	t
Ber	t
Beri	t
Besra	t
Bev	t
Bino	t
Bio	t
Bio-	t
Boga	t
Bogue	t
Bolla	t
Bonito	t
Boris	t
Br and I	t
Bracken	t
Braganza	t
Brandi	t
Brat	t
Bream	t
Brigida	t
Brill	t
Broccoli	t
Brose	t
Brossi	t
Bua	t
CAMPANA	t
CARDINAL	t
CARP	t
CATTLE	t
CAV	t
CDV	t
CFA	t
CFD	t
CHP	t
CHU	t
CLINE	t
CMI	t
CNV	t
COFFEE	t
COLOR	t
CORN	t
CORSINI	t
COTTON	t
CPV	t
CSP	t
CaMV	t
Cafer	t
Cales	t
Camara	t
Camel	t
Campana	t
Canalis	t
Canani	t
Canary	t
Candi	t
Canna	t
Capella	t
Caraway	t
Cardinal	t
Carita	t
Carmena	t
Carp	t
Caruana	t
Cash	t
Casper	t
Cassie	t
Cassis	t
Caster	t
Cater	t
Cats	t
Cela	t
Celis	t
Cella	t
Cerda	t
Cerone	t
Chaparro	t
Charan	t
Chess	t
Chick	t
Chinchilla	t
Chu	t
Churchill	t
Cilia	t
Cinca	t
Cinda	t
Ciria	t
Cisco	t
Citron	t
Clara	t
Clary	t
Class A	t
Cline	t
Clini	t
Coca	t
Coceani	t
Coffee	t
Colla	t
Colo	t
Color	t
Comber	t
Comet	t
Compton	t
Coney	t
Coni	t
Cora	t
Corina	t
Corn	t
Corsini	t
Cotton	t
Craven	t
Cray	t
Crispin	t
Crosa	t
Cuda	t
Cuno	t
DOG	t
DOGS	t
Dace	t
Dastur	t
DeLisa	t
DeRosa	t
Derosa	t
Dictor	t
Dill	t
Dodo	t
Dog	t
Dogs	t
Dohle	t
Dorado	t
Dorion	t
Duck	t
EMI	t
ESPINOSA	t
Eandi	t
Eeva	t
Elina	t
Elisa	t
Elk	t
Elster	t
Emi	t
Emori	t
Escolar	t
Espinosa	t
Eulalia	t
Euro	t
FISHER	t
FLAG	t
FOTI	t
Farida	t
Fisher	t
Flag	t
Flax	t
Fossa	t
Foti	t
Fresno	t
Frogs	t
GAG	t
GALLEGO	t
GIBBON	t
GOLDIE	t
GOTO	t
GROSSI	t
GRUBER	t
Gag	t
Galip	t
Gallego	t
Galleni	t
Garrick	t
Gasper	t
Gatter	t
Gaur	t
Gean	t
Gerosa	t
Gibbon	t
Ginger	t
Godin	t
Goldammer	t
Goldie	t
Gorse	t
Goto	t
Grossi	t
Group II	t
Gruber	t
Gudgeon	t
Gula	t
Gunnel	t
Guppy	t
HIRATA	t
HORSE	t
HSP	t
HSV-2	t
Habu	t
Haddock	t
Hafer	t
Hake	t
Hala	t
Halaris	t
Halata	t
Hawa	t
Hebb	t
Henna	t
Hila	t
Hirata	t
Hitch	t
Horse	t
Hovis	t
Huma	t
Hussar	t
Hybrid	t
I major	t
IDEA	t
Ichii	t
Ide	t
Idea	t
Iio	t
Ikoma	t
Jian-Hua	t
Jian-hua	t
Jianhua	t
Julia	t
Junco	t
Kale	t
Kamani	t
Kanda	t
Kapur	t
Karasu	t
Karatas	t
Kash	t
Kasturi	t
Kaya	t
Khare	t
Kiang	t
Kino	t
Kleiber	t
Klion	t
Kob	t
Koba	t
Koi	t
Kou	t
Kozo	t
Kuri	t
Kuzu	t
LAKE	t
LATER	t
LDV	t
LEMON	t
LI	t
LIAN	t
LIMA	t
LINDE	t
LING	t
LIPS	t
Lafer	t
Lake	t
Lalani	t
Lamia	t
Lapis	t
Later	t
Latifi	t
Laurora	t
Lavender	t
Laver	t
Lee K	t
Leek	t
Lemon	t
Li	t
Lian	t
Lima	t
Linde	t
Ling	t
Lingens	t
Lio	t
Lion	t
Lips	t
Loris	t
Lotto	t
Luda	t
Lyu	t
M-MLV	t
M.W	t
MAGRI	t
MAKI	t
MAN	t
MARION	t
MATE	t
MAYO	t
MCF	t
MES	t
MHV	t
MICE	t
MMLV	t
MMTV	t
MOREL	t
MSP	t
MSV	t
MURINE	t
MVA	t
MYu	t
Mace	t
Macris	t
Madar	t
Magri	t
Mahua	t
Mai	t
Maize	t
Maki	t
Mala	t
Malanga	t
Malberti	t
Mallard	t
Maman	t
Man	t
Mancilla	t
Mandarino	t
Mandi	t
Mango	t
Mani	t
Manka	t
Manzano	t
Maor	t
Maral	t
Marga	t
Marge	t
Margus	t
Mari	t
Marion	t
Martus	t
Masa	t
Masaki	t
Mash	t
Mate	t
Mater	t
Mayama	t
Mayo	t
MeV	t
Melia	t
Melissa	t
Mes	t
Mi-Na	t
Milo	t
Mimi	t
Mina	t
Miners	t
Mines	t
Mink	t
Mion	t
Mito	t
Moak	t
Moga	t
Molly	t
Morale	t
Morange	t
Morel	t
MuM	t
Muda	t
Mum	t
Muna	t
NAME	t
NIDA	t
NONE	t
Name	t
Nanae	t
Nance	t
Nater	t
Neha	t
Nida	t
Nieva	t
Nightingale	t
Nio	t
Nogal	t
Nona	t
None	t
Not shown	t
Novis	t
O-beta	t
OSHA	t
OTHER	t
Oca	t
Odum	t
Okochi	t
Onn	t
Other	t
PAR	t
PCI bus	t
PCV	t
PEA	t
PEACOCK	t
PEEL	t
PEM	t
PERMIT	t
PLUM	t
POLLACK	t
POLLOCK	t
PPV	t
PRAT	t
PRV	t
PSP	t
PTV	t
PUVA	t
PVA	t
PWV	t
Padma	t
Paletta	t
Palli	t
Palta	t
Panas	t
Pansu	t
Par	t
Parida	t
Parsley	t
Particulate	t
Pater	t
Patra	t
Paya	t
Pea	t
Peach	t
Peacock	t
Pear	t
Peel	t
Peled	t
Pepino	t
Peregrine	t
Permit	t
Perna	t
Peros	t
Perosa	t
Pichini	t
Pig	t
Pigs	t
Pintado	t
Pion	t
Piris	t
Pita	t
Placer	t
Plata	t
Plum	t
Podo	t
Pollack	t
Pollock	t
Pomfret	t
Popolo	t
Prandi	t
Prat	t
Prim	t
Primavera	t
Primer	t
Prus	t
Puca	t
Puma	t
RAT	t
RAY	t
RICE	t
RIO	t
ROOK	t
RUDD	t
Ramp	t
Rapini	t
Ray	t
Reba	t
Redhead	t
Redwood	t
Retrovirus	t
Rice	t
Rida	t
Rio	t
Ronca	t
Rook	t
Roselle	t
Rosemary	t
Rowan	t
Rudd	t
Ruff	t
Rye	t
SALAS	t
SALCEDO	t
SALMON	t
SALVI	t
SAV	t
SFV	t
SHAKE	t
SHEEP	t
SIDE	t
SIV	t
SP4	t
SPAN	t
SPOT	t
SRAM	t
STERN	t
SUZUKI	t
SVC	t
SWIFT	t
Sable	t
Sabri	t
Safer	t
Safra	t
Sagami	t
Sahli	t
Sain	t
Sakaki	t
Salas	t
Salata	t
Salcedo	t
Salmon	t
Salta	t
Salvi	t
Sama	t
Samara	t
Sanae	t
Santoni	t
Saria	t
Scanu	t
Scarpini	t
Scatena	t
Schat	t
Senji	t
Sereni	t
Seruca	t
Shaddock	t
Shake	t
Shali	t
Shiba	t
Shina	t
Shioji	t
Shiv	t
Shouji	t
Shu-Mei	t
Shui	t
Shum	t
Shumei	t
Side	t
Silversides	t
Siris	t
Siv	t
Slinger	t
Sly	t
Smolle	t
Snoek	t
Sora	t
Span	t
Spot	t
Sram	t
Ssp	t
Starling	t
Stea	t
Stenius	t
Stern	t
Strada	t
Sturgeon	t
Sui	t
Sul	t
Suni	t
Suzuki	t
Swift	t
Synthetic	t
TIA	t
TONI	t
TOR	t
TSP	t
TTV	t
Tacca	t
Tamara	t
Tamarin	t
Tammi	t
Tania	t
Tanna	t
Tansy	t
Tare	t
Tarek	t
Taro	t
Tatra	t
Temma	t
Tetra	t
Tia	t
Tiger	t
Timothy	t
Tola	t
Tolis	t
Toni	t
Tor	t
Tos	t
Trude	t
Tuba	t
Tuna	t
Turkey	t
Vater	t
Vinca	t
Vray	t
WNV	t
Walia	t
Wash	t
Wheat	t
Whiting	t
Worm	t
Worms	t
Wren	t
Xiang-Hua	t
Xianghua	t
Yam	t
Yarrow	t
Yi-Zhi	t
Yizhi	t
Yue-Hua	t
Yue-hua	t
Yuehua	t
Yulan	t
Ziwei	t
Zorana	t
Zucchini	t
adder	t
aide	t
aka	t
alar	t
alia	t
along A	t
anova	t
artificial	t
as S	t
asocia	t
asp	t
at-a	t
aza	t
b e e	t
b-D	t
be e	t
ber	t
bio	t
bio-	t
br s	t
burial	t
cardinal	t
cash	t
cat s	t
cater	t
ce qui	t
cela	t
cell A	t
clara	t
clari	t
class A	t
coffee	t
color	t
comet	t
drill	t
ellipse	t
et au	t
expression vector	t
flag	t
fossa	t
fowl	t
gag	t
group II	t
hardens	t
hitch	t
hsp	t
hybrid	t
ide	t
idea	t
insertion sequence	t
jsp	t
lake	t
later	t
lime	t
liners	t
ling	t
lips	t
m.w	t
mSv	t
man	t
masa	t
mate	t
mater	t
mes	t
miners	t
mines	t
mito	t
mmole	t
morale	t
muM	t
mum	t
my U	t
name	t
nance	t
nio	t
non-A	t
none	t
not shown	t
not specified	t
not-shown	t
nt 1	t
old woman	t
other	t
over Na	t
ovo	t
par	t
particulate	t
pea	t
peel	t
per os	t
permit	t
pigs	t
primer	t
ramp	t
rape	t
rat s	t
rat tail	t
ray	t
rio	t
s Medium	t
s medium	t
safer	t
searcher	t
serosa	t
sesame	t
shades	t
shake	t
shuttle vector	t
side	t
soak	t
span	t
spatula	t
spine	t
spot	t
ssp	t
stern	t
sul	t
swift	t
synthetic	t
tasa	t
tetra	t
tetra-	t
time I	t
tor	t
ume	t
unidentified	t
wash	t
worm	t
worms	t
yawning	t
